"clock_tick","input.speed","output.speed","output.height","output.log","log","Container_of_2container"
0,0.0,0.0,0.0,"","",""
1,1.0,2.25,1.999966666833333,"","",""
2,2.0,4.5,3.999733338666616,"","",""
3,3.0,10.5,5.999100040499132,"","",""
4,4.0,18.0,7.997866837326832,"","",""
5,5.0,27.0,9.995833854135666,"","",""
6,6.0,36.0,11.992801295888919,"","",""
7,7.0,45.0,13.988569467506554,"","",""
8,8.0,54.0,15.982938793834538,"","",""
9,9.0,63.0,17.975709839602207,"","",""
10,10.0,72.0,19.96668332936563,"","",""
11,11.0,81.0,21.955660167434964,"","",""
12,12.0,90.0,23.942441457783872,"","",""
13,13.0,99.0,25.926828523938973,"","",""
14,14.0,108.0,27.908622928847297,"","",""
15,15.0,117.0,29.887626494719843,"","",""
